-1.06051834061,-6.10133061634,11.1635821167,-35.6536407729,12.9481961789,-6.10259813676,408.743309571
7.36299012026,-2.51880843741,10.5767589356,-35.6321815223,12.8646269387,-6.13833242839,408.844946394
6.28864685909,2.12564572679,9.79680805537,-35.6042873599,12.7740797878,-6.17251588133,408.948622812
-5.41583692618,7.04728196222,8.86874867194,-35.5670138639,12.6766562171,-6.2051610805,409.054325019
4.83755945684,9.8970408604,7.83759998108,-35.5174166129,12.5724577175,-6.23628061079,409.162039208
-5.03816264982,8.34171341841,6.7425501234,-35.4525511851,12.46158578,-6.26588705714,409.27175157
-0.73305787352,2.61747082362,5.59946301863,-35.369473159,12.3441418956,-6.29399300445,409.383448299
7.1708894525,-4.70175497554,4.41837153131,-35.2652381128,12.2202275551,-6.32061103763,409.497115587
-6.14572439623,-10.1436126394,3.20930852595,-35.136901625,12.0899442496,-6.3457537416,409.612739627
4.05798211069,-9.39270831409,1.95797909802,-34.9815192739,11.9533934699,-6.36943370127,409.730306611
-3.57786983883,-2.80963476059,0.563835300315,-34.7961466378,11.8106767069,-6.39166350155,409.849802732
-4.07763668821,3.83158852647,-1.0537664494,-34.5778392952,11.6618954517,-6.41245572736,409.971214182
6.6088358891,6.68537324899,-2.96441169982,-34.3236528243,11.5071511951,-6.43182296361,410.094527155
-5.15043968344,4.01563996543,-5.18405295318,-34.0306428036,11.3465454282,-6.44977779522,410.219727842
-5.98819449842,-0.722479435669,-7.51411052567,-33.6958648114,11.1801796417,-6.46633280709,410.346802437
4.85424228523,-3.14288804598,-9.70237168698,-33.3163744261,11.0081553267,-6.48150058415,410.475737131
-4.87993723803,-1.51273603678,-11.4928978805,-32.889227226,10.8305739741,-6.4952937113,410.606518119
6.03568524428,1.05388856456,-12.5940389118,-32.4114787895,10.6475370749,-6.50772477345,410.739131591
-2.60892222289,1.9387731527,-12.6890297436,-31.8807246919,10.4591461199,-6.51880635553,410.873563741
-7.36089860608,1.32434334164,-11.7140814933,-31.296115562,10.2655026001,-6.52855104244,411.009800762
6.41320617779,-0.0959708332431,-9.77287848946,-30.6549222883,10.0667080064,-6.5369714191,411.147828846
-4.86207939226,-2.21501544289,-6.99551228447,-29.9538108251,9.86286382989,-6.54408007042,411.287634185
3.66089199994,-3.91275539544,-3.5120744307,-29.1894471268,9.65407156135,-6.54988958131,411.429202973
-3.28185564566,-3.57603475634,0.494845992954,-28.3584971476,9.44043269177,-6.55441253669,411.572521402
3.44939927133,-1.27940508551,4.63266980172,-27.4576268417,9.22204871208,-6.55766152147,411.717575664
4.58325172235,1.7672062125,8.45632028433,-26.4835021636,8.99902111322,-6.55964912056,411.864351952
-5.5489422039,4.06111061593,11.5207207295,-25.4327890674,8.77145138613,-6.56038791888,412.012836459
5.86303155736,3.91059448495,13.413961568,-24.3021535074,8.53944102174,-6.55989050134,412.163015377
1.94834059002,1.16380177946,13.9388913356,-23.088830662,8.30309151098,-6.55816945285,412.314874899
-3.70106057949,-1.67615887839,13.2603732918,-21.7928220378,8.0625043448,-6.55523735833,412.468401217
2.38455793109,-1.92547453564,11.6277714544,-20.4171095866,7.81778101414,-6.55110680269,412.623580525
-2.012827113,0.595545260018,9.34362885831,-18.9669786592,7.56902300992,-6.54579037084,412.780399015
2.61695410762,2.66389543587,6.9144445007,-17.4481680983,7.31633182309,-6.5393006477,412.938842879
-3.50854124311,2.28979747168,4.79510348187,-15.8664167464,7.05980894458,-6.53165021818,413.09889831
4.3580364823,0.299638422641,3.03053284307,-14.2274634463,6.79955586533,-6.52285166719,413.2605515
-5.12360942184,-2.3980587881,1.56280359456,-12.5366805241,6.53567407628,-6.51291757965,413.423788643
0.254241311937,-5.67978821056,0.332520681547,-10.7979742411,6.26826506835,-6.50186054047,413.58859593
6.47434863124,-9.61008357491,-0.720077467045,-9.01488434252,5.9974303325,-6.48969313456,413.754959555
-1.14207655079,-14.1489295768,-1.65475242228,-7.19095057322,5.72327135965,-6.47642794684,413.92286571
-9.6329576356,-18.8211765974,-2.53126575521,-5.32971267825,5.44588964075,-6.46207756221,414.092300588
9.13063237522,-22.8285254176,-3.4093790369,-3.43471040264,5.16538666672,-6.4466545656,414.263250381
15.132156394,-24.5152127324,-4.34885383843,-1.5094834914,4.88186392851,-6.43017154192,414.435701282
1.89477342782,-22.1493450495,-5.39727801257,0.442428310436,4.59542291706,-6.41264107607,414.609639483
-1.06633611388,-14.9707451525,-6.55354453903,2.41748525786,4.30616512329,-6.39407575298,414.785051177
-11.4698379527,-4.03256341174,-7.80437267924,4.41214760584,4.01419203815,-6.37448815755,414.961922557
-16.3586248723,9.19327686398,-9.13648169462,6.42287560936,3.71960515257,-6.35389087471,415.140239816
-19.2058986275,22.7151613376,-10.5365908466,8.4461295234,3.42250595749,-6.33229648935,415.319989145
12.6839031402,32.4627115582,-11.9914193966,10.4783696029,3.12299594385,-6.3097175864,415.501156738
-15.1054676925,32.5633143584,-13.4266414075,12.516056103,2.82117660258,-6.28616675077,415.683728787
18.5958271159,15.2705154144,-14.5111761506,14.5556492785,2.51714942462,-6.26165656737,415.867691485
-17.2564401529,-11.4414148241,-14.801654084,16.5926617575,2.2110159009,-6.23619962112,416.053031024
12.0966308691,-24.6609079909,-13.8376697674,18.6181442668,1.90287752237,-6.20980849693,416.239733597
1.03528158129,-18.2441400358,-11.3097812733,20.6195143309,1.59283577996,-6.18249577971,416.427785397
-7.8456301488,-4.24951651649,-7.52626214099,22.5835180805,1.2809921646,-6.15427405437,416.617172616
8.85519845472,7.30270881588,-2.94998262444,24.4969016461,0.967448167242,-6.12515590583,416.807881446
5.3698899712,10.7184624069,1.95618702213,26.3464111585,0.65230527881,-6.09515391901,416.999898081
-7.88236841336,5.37045862126,6.67852401864,28.1187927483,0.335664990244,-6.06428067881,417.193208714
5.94789443291,-1.65952074053,10.4859542035,29.8007925462,0.0176287924812,-6.03254877015,417.387799536
-5.13180762263,-3.98207122818,12.6467380298,31.3791566828,-0.301701823542,-5.99997077794,417.58365674
-2.2316362708,-2.13241474138,12.9364378587,32.8406312887,-0.622225366888,-5.96655928709,417.780766519
7.77736209499,1.16542254902,11.6245982549,34.173669265,-0.943840346621,-5.93232688253,417.979115065
0.488969353757,3.43915201915,9.071370883,35.3735505932,-1.2664452718,-5.89728614916,418.178688572
-10.7357329811,3.757952085,5.64643396286,36.4372620255,-1.5899386515,-5.86144967189,418.379473231
11.2153747479,1.74502971525,1.76439901764,37.3617903138,-1.91421899477,-5.82483003564,418.581455236
11.1751203584,-1.98034960712,-2.14888910375,38.1441222102,-2.23918481068,-5.78743982532,418.784620778
-3.48603422695,-5.93155450443,-5.66758555241,38.7812444665,-2.5647346083,-5.74929162584,418.988956051
-9.32377186786,-8.45780881644,-8.36584547944,39.2701438349,-2.89076689668,-5.71039802213,419.194447248
8.2093279158,-8.17133761119,-9.87892614759,39.6078070673,-3.2171801849,-5.67077159908,419.40108056
7.95209896388,-4.68698118871,-10.1365031173,39.791830389,-3.54386228528,-5.63042494162,419.60884218
-7.94136574504,1.46182184812,-9.32918737562,39.8220315416,-3.87064793578,-5.58937063466,419.817718301
7.67077166046,6.59427768469,-7.69677540484,39.6979722339,-4.19732002746,-5.54762126311,420.027695116
-6.22726492764,8.27120648581,-5.47885759809,39.4189977981,-4.52365116385,-5.50518941188,420.238758818
4.29480742116,8.88436937778,-2.91502434854,38.9844535664,-4.84941394848,-5.4620876659,420.450895598
0.641041777456,10.0017573468,-0.244866049359,38.3936848711,-5.17438098487,-5.41832861006,420.664091649
-4.04485614567,9.62070873653,2.29202690628,37.6460370443,-5.49832487656,-5.37392482929,420.878333164
6.11657581259,5.64501965823,4.48284991,36.7408554182,-5.82101822708,-5.32888890849,421.093606337
-7.96684706796,-0.698010035096,6.22194149259,35.6774853251,-6.14223363996,-5.28323343259,421.309897358
-5.48962041461,-6.09955536809,7.42787697653,34.4578210902,-6.46174371872,-5.23697098649,421.527192421
7.21402339789,-8.73805461797,8.00903571207,33.093953011,-6.77932106689,-5.19011415511,421.745477719
-3.23600376337,-8.75309030374,7.87269375276,31.5990746819,-7.09473828801,-5.14267552335,421.964739444
-5.22870609986,-7.02980630559,6.96721549551,29.9797687833,-7.4077679856,-5.09466767615,422.184963788
7.26898385118,-4.33832788665,5.38363326429,28.2378597875,-7.7181827632,-5.0461031984,422.406136945
1.43919274694,-0.387316934194,3.2482849408,26.3743440387,-8.02575522433,-4.99699467502,422.628245107
-1.79855998516,4.3984538754,0.722226425566,24.3902178812,-8.33025797252,-4.94735469092,422.851274466
-7.53398745859,9.20057233111,-1.89461430532,22.2864776592,-8.6314636113,-4.89719583103,423.075211216
-20.5568027868,13.1879257813,-4.28960883511,20.0641197169,-8.9291447442,-4.84653068024,423.300041548
-41.6137190833,15.617471887,-6.23819905988,17.7241403986,-9.22307397475,-4.79537182347,423.525751656
-37.7873856474,15.8055680328,-7.56829041313,15.2675360484,-9.51302390648,-4.74373184565,423.752327731
-16.3021965221,13.2181001835,-8.22957216526,12.6953030107,-9.79876714292,-4.69162333167,423.979755968
-4.04448193614,7.35833644924,-8.20518161966,10.0114397035,-10.0800762876,-4.63905886646,424.208022557
33.3144278816,-2.27045505999,-7.49053131659,7.23221978157,-10.3567233812,-4.58605159781,424.437113692
22.4207055583,-14.8695090902,-6.08510363685,4.37798674041,-10.6284782127,-4.53261692504,424.667015566
-8.60446485432,-24.4580718118,-3.9886479029,1.46935101709,-10.8951100085,-4.47877081038,424.897714371
3.37746043203,-23.8605497187,-1.26811285049,-1.47307695128,-11.1563879948,-4.42452921603,425.129196299
-6.54712992257,-8.99339652345,1.73969742142,-4.42762901736,-11.4120813977,-4.3699081042,425.361447544
9.97816271221,12.0551235043,4.6290337374,-7.37089137061,-11.6619594436,-4.31492343711,425.594454297
-10.4606420444,24.691125106,7.00302992266,-10.2883332012,-11.9057913586,-4.25959117697,425.828202752
13.6412607437,21.546456918,8.54478576859,-13.1679088768,-12.143346369,-4.20392728598,426.062679102
-19.165629437,8.36934987202,9.24787113918,-15.9981196842,-12.374393701,-4.14794772637,426.297869537
-9.31985254798,-5.25740644011,9.18316806901,-18.7672982922,-12.5987025809,-4.09166846033,426.533760253
19.7586105129,-14.0825814907,8.41268033898,-21.4548991159,-12.8160422348,-4.0351054501,426.77033744
18.0086262541,-16.969792158,6.99605543691,-24.0380202773,-13.0261818891,-3.97827465787,427.007587291
18.7273174889,-15.522489529,5.01251875422,-26.4937598985,-13.2288907699,-3.92119204585,427.245496
16.1177448488,-11.7553741231,2.61960729691,-28.7992161014,-13.4239387403,-3.86387293935,427.484049759
14.5988993023,-6.97145826446,0.0172395382022,-30.9314870081,-13.6110982113,-3.80633011596,427.723234759
5.41225440221,-2.37645111571,-2.50345179416,-32.8676707407,-13.7901422306,-3.74857571639,427.963037195
-0.833716298499,0.840446550166,-4.66784236221,-34.5848654211,-13.9608438459,-3.69062188132,428.203443259
1.89319242252,2.25255010424,-6.35855564157,-36.0601691713,-14.122976105,-3.63248075143,428.444439143
-5.29340575081,3.39307840947,-7.49752706124,-37.2706801135,-14.2763120556,-3.57416446743,428.686011039
3.52342367575,4.10092951847,-8.00669205025,-38.1934963695,-14.4206247455,-3.51568517,428.928145141
9.88774501028,2.56098064003,-7.84124130743,-38.8095697617,-14.5556872225,-3.45705499983,429.170827641
-8.99649380537,-1.74233877082,-7.08692033416,-39.1177331896,-14.6812725342,-3.39828609761,429.414044732
7.88030509042,-3.8381402088,-5.8528647943,-39.1305219089,-14.7971701801,-3.33939060403,429.657782606
-3.02268971484,-0.427228113817,-4.26262185561,-38.8628463511,-14.9032607603,-3.28038065978,429.902027456
-10.7643644624,4.49415902584,-2.50724980875,-38.3294993191,-14.9995425039,-3.22126840555,430.146765474
12.9455799433,5.86447516594,-0.794684725091,-37.5452483214,-15.086038934,-3.16206598204,430.391982853
-13.1320061723,2.44380665881,0.69795369738,-36.5248608664,-15.1627735739,-3.10278552993,430.637665786
-8.82569082241,-2.43460729812,1.91681125427,-35.2831044628,-15.2297699468,-3.04343918991,430.883800466
4.20085044428,-6.83123634531,2.8388501146,-33.834746619,-15.287051576,-2.98403910268,431.130373084
5.64066728535,-9.43827532949,3.44103244737,-32.1945548437,-15.3346419847,-2.92459740891,431.377369834
-6.03590431971,-9.65059900282,3.7137140051,-30.3772966452,-15.3725646962,-2.86512624931,431.624776908
8.65353004553,-8.58674210658,3.69733473065,-28.3972221704,-15.4008437007,-2.80563729748,431.872580499
-10.5240358765,-3.95234116394,3.43221239471,-26.2669569378,-15.419504857,-2.74614035872,432.120766799
9.33420647434,4.66112526617,2.95695390176,-24.0003883818,-15.4285744907,-2.68664477122,432.369322001
-6.56478402936,10.3090283123,2.31061097564,-21.611848756,-15.4280789276,-2.62715987319,432.618232298
5.06719438464,10.0896663227,1.5420652209,-19.1156703143,-15.4180444933,-2.56769500284,432.867483882
-5.03338767281,8.85074928417,0.739517765,-16.5261853103,-15.3984975137,-2.50825949839,433.117062946
-5.26342092279,8.84751863453,0.000999616097234,-13.8577259976,-15.3694643145,-2.44886269802,433.366955682
4.78577042871,7.34764929667,-0.575458217638,-11.1246246301,-15.3309712213,-2.38951393996,433.617148284
-4.8553776888,1.77748692636,-0.896296481487,-8.34117257635,-15.2830445599,-2.33022256241,433.867626943
6.78937177766,-4.6677004704,-0.886487528797,-5.52085307068,-15.225710656,-2.27099790357,434.118377852
-10.4303430217,-5.34559317122,-0.504075788593,-2.67453008535,-15.1589958354,-2.21184930166,434.369387204
-1.68559341379,-0.69224855547,0.155336294652,0.187577001674,-15.0829264237,-2.15278609488,434.620641192
13.4959268233,3.23022295573,0.838821769515,3.05524881241,-14.9975287468,-2.09381762143,434.872126007
-10.037146521,1.57130036941,1.26253468875,5.91826596886,-14.9028291302,-2.03495321952,435.123827844
5.44784244812,-1.63070316047,1.1619527795,8.76523116661,-14.7988538998,-1.97620222737,435.375732893
-2.89945917944,-1.22541084754,0.399339843082,11.5789061992,-14.6856293813,-1.91757398317,435.627827349
2.4037280998,0.828055112636,-0.838979039596,14.3363581493,-14.5631819003,-1.85907782514,435.880097403
2.13021879283,1.48357567115,-2.28837861818,17.0133157797,-14.4315377827,-1.80072309148,436.132529249
-3.28794762951,-0.27898232179,-3.71360801121,19.5846713592,-14.2907233541,-1.74251912039,436.385109078
3.29188196565,-2.89052222613,-5.00005066562,22.0251080331,-14.1407649403,-1.68447525009,436.637823083
7.31876283155,-3.98970626924,-6.06873328125,24.3093089468,-13.981688867,-1.62660081879,436.890657458
-11.6085075914,-1.97778709693,-6.86883432673,26.4119572456,-13.8135214598,-1.56890516468,437.143598394
16.5227526286,1.45721937939,-7.38296409074,28.3100466691,-13.6362890447,-1.51139762598,437.396632084
7.06521557353,4.5717293069,-7.61059197837,29.9910078646,-13.4500179472,-1.45408754089,437.649744721
-21.3927168062,7.49542896441,-7.55955704032,31.4506411248,-13.2547344931,-1.39698424762,437.902922498
-10.9921365502,10.3344986206,-7.24401658353,32.6910649989,-13.0504650081,-1.34009708437,438.156151607
-10.0703167945,11.3132996409,-6.67940884655,33.7156789675,-12.8372358179,-1.28343538936,438.40941824
10.7059240505,8.17527833316,-5.87071173626,34.5278825112,-12.6150732483,-1.2270085008,438.66270859
-6.3089552172,-0.296237529587,-4.78106183296,35.1310751107,-12.384003625,-1.17082575687,438.916008851
3.1056802622,-10.1755565679,-3.36313538532,35.5286562467,-12.1440532737,-1.11489649581,439.169305214
6.17401147468,-13.1515335283,-1.56960864197,35.7240253998,-11.8952485202,-1.0592300558,439.422583872
-10.7140341932,-3.54862003304,0.613692623207,35.7205820506,-11.6376156901,-1.00383577506,439.675831018
13.669717189,9.2010838531,3.06834453553,35.5217459348,-11.3712013642,-0.948722991801,439.929032844
-12.1482689933,11.275336135,5.64277369509,35.1310178079,-11.0961331431,-0.89390104422,440.182175543
9.17176635023,5.00925347357,8.21075434141,34.5519186805,-10.8125588823,-0.839379270529,440.435245307
1.90647292442,-1.13832864258,10.7474512718,33.7880008624,-10.520657737,-0.785167008934,440.68822833
-3.16879529763,-4.91662663261,13.2533769228,32.8429418613,-10.2207340596,-0.731273597641,440.941110803
-7.25645638912,-5.87430427011,15.7392631321,31.7204504842,-9.91312350246,-0.677708374859,441.19387892
-1.20674939309,-3.99359780007,18.2382351783,30.4242355381,-9.59816171749,-0.624480678793,441.446518873
4.62180276806,-0.837742341319,20.7197010932,28.9580058301,-9.27618435682,-0.571599847651,441.699016854
0.578525785525,1.78966253562,23.1345847469,27.325470167,-8.94752707253,-0.51907521964,441.951359057
-4.81257631588,2.6943389266,25.4338100094,25.5303373559,-8.61252551671,-0.466916132967,442.203531674
-3.77782992792,0.911474361295,27.4911657334,23.5763162039,-8.27151534143,-0.415131925838,442.455520897
7.97628829783,-3.13405330176,28.8700807582,21.4689354625,-7.92483219877,-0.36373193646,442.707312918
-10.6966667643,-4.55426271273,29.0481856281,19.2223871606,-7.57281174083,-0.312725503041,442.958893932
8.88024118508,0.558246071261,27.570956928,16.8582172691,-7.21578961968,-0.262121963788,443.21025013
-6.83072009691,6.82674160727,24.2832876712,14.399355258,-6.8541014874,-0.211930656906,443.461367705
-4.03713252223,7.43761030551,19.201802687,11.8687305974,-6.48808299608,-0.162160920604,443.712232849
13.2682600636,1.76427317376,12.7292541406,9.28927275751,-6.11806979779,-0.112822093088,443.962831755
-17.1060256988,-5.58964110029,5.36492603148,6.68391120835,-5.74439754463,-0.0639235125653,444.213150616
-10.3931420537,-9.4758349441,-2.39189764114,4.07557542004,-5.36740188867,-0.0154745172425,444.463175625
4.50065894661,-8.27849123384,-10.0553526213,1.48719486269,-4.987418482,0.0325155546733,444.712892973
10.3604439268,-4.33743254884,-17.1932536268,-1.0583009936,-4.60478297669,0.080037364975,444.962288854
-4.49403991407,-0.266742299475,-23.3868351185,-3.53798267871,-4.21983102484,0.127081575456,445.21134946
0.590293081962,3.80842271268,-28.2545966254,-5.92892072255,-3.83289827851,0.173638847909,445.460060984
-0.498254363447,8.52774889383,-31.5640979478,-8.20818565501,-3.4443203898,0.219699844128,445.708409618
2.58375188474,11.1490563046,-33.1201639538,-10.352848006,-3.05443301079,0.265255225904,445.956381555
-4.22335397993,10.7712649473,-32.7236176073,-12.3439802096,-2.66357179355,0.310295655032,446.203962988
1.21151480505,8.0545672701,-30.1865635605,-14.1803980268,-2.27207239018,0.354811793305,446.451140109
9.34405948522,1.70224479841,-25.5258652818,-15.8718619624,-1.88027045275,0.398794302515,446.697899111
9.54690021733,-8.20090084243,-19.184089541,-17.4298682311,-1.48850163334,0.442233844456,446.944226186
4.93468176739,-15.6205064197,-11.6953893244,-18.8659130476,-1.09710158405,0.48512108092,447.190107527
-1.13024037205,-14.4164408965,-3.58539614924,-20.1914926264,-0.706405956941,0.527446673701,447.435529327
-30.2230319934,-0.434878590409,4.53408510712,-21.4181031825,-0.316750404107,0.569201284591,447.680477779
35.4938460541,15.1818488981,12.0277019066,-22.5572409303,0.0715294223729,0.610375575385,447.924939074
-23.5247561307,19.7320990205,18.2601017112,-23.6204020846,0.458097870416,0.650960207874,448.168899405
-31.6378362268,15.4059698344,22.7290391547,-24.6190828602,0.84261928794,0.690945843852,448.412344966
-26.0655879556,7.16032675197,25.4646975588,-25.5647794716,1.22475802286,0.730323145113,448.655261949
-14.8432057283,-2.06907129701,26.6303674171,-26.4689881336,1.6041784231,0.769082773448,448.897636545
4.63363031285,-8.60697965144,26.3885777681,-27.3424436057,1.98054483657,0.807215390652,449.139454949
-1.3179459072,-10.0739677175,24.8973640693,-28.1913870665,2.3535216112,0.844711658516,449.380703352
1.12670484877,-10.1311102136,22.308209282,-29.0155071985,2.72277309489,0.881562238835,449.621367948
-0.0180839595893,-11.2751760807,18.7711486075,-29.8130449239,3.08796363558,0.917757793402,449.861434928
-0.961676226419,-11.3952369059,14.4362172468,-30.582241165,3.44875758116,0.953288984008,450.100890485
3.04906262749,-7.56109526092,9.46668291251,-31.321336844,3.80481927957,0.988146472448,450.339720813
-7.57661399435,0.599434281691,4.12670649351,-32.0285728831,4.15581307872,1.02232092052,450.577912103
11.1467036852,6.57729573788,-1.1144660834,-32.7021902046,4.50140332653,1.05580299,450.815450548
-11.3292504245,4.71327932464,-5.80075922453,-33.3404297308,4.84125437092,1.0885833427,451.052322342
9.98416870689,-0.465202003677,-9.7206311948,-33.9415610581,5.17505923412,1.1206526404,451.288513675
0.106115849206,-3.21311156732,-12.7236737238,-34.5039684805,5.50262563564,1.15200154491,451.524010742
-5.10367000238,-3.38155943183,-14.6839160213,-35.026064966,5.82378996932,1.182620718,451.758799734
-9.66000573459,-2.09868097794,-15.6088060999,-35.5062634829,6.138388629,1.21250082148,451.992866845
10.1141339168,-0.433340727135,-15.6747447292,-35.9411372524,6.44625800849,1.24163251714,452.226198266
-6.35135855659,0.430398454079,-15.1030453276,-36.3180157296,6.74723450164,1.27000646677,452.458780191
-10.0427540164,0.322637052617,-14.1244001759,-36.6148495071,7.04115450227,1.29761333216,452.690598812
9.51792785269,-0.443959187525,-12.9649697231,-36.8059374435,7.32785440423,1.32444377511,452.921640322
-4.78206198526,-0.799729434016,-11.825247975,-36.8585335174,7.60719354097,1.35048845741,453.151890913
-7.59967827044,0.291263778972,-10.8656668477,-36.7411164845,7.87912300452,1.37573804086,453.381336778
6.73188620138,2.94021395333,-10.1120763429,-36.4337879356,8.14361682655,1.40018318724,453.60996411
-6.95334502643,4.11735274693,-9.55668098346,-35.9195494348,8.40064903872,1.42381455835,453.837759101
0.220547678892,0.86027953401,-9.18136966951,-35.1839819753,8.65019367268,1.44662281598,454.064707943
10.0279077113,-4.89877484952,-8.92676880923,-34.2229842648,8.89222476011,1.46859862193,454.29079683
-10.8134492032,-9.66378809392,-8.72318918789,-33.0350344397,9.12671633266,1.48973263798,454.516011954
10.6737421317,-9.88137331745,-8.49584218826,-31.6205240815,9.35364242199,1.51001552594,454.740339508
-0.543760652626,-6.69033421123,-8.16854607726,-29.9885397496,9.57297705977,1.52943794759,454.963765683
-4.42199273138,-2.76568485106,-7.73603769638,-28.1542462375,9.78469427766,1.54799056473,455.186276674
-8.21944090516,1.23405800421,-7.21205838136,-26.1338495361,9.98876810732,1.56566403915,455.407858672
4.03253930422,5.15924631695,-6.61034946795,-23.9435556363,10.1851725804,1.58244903265,455.62849787
6.59004818215,8.65377624234,-5.94465229189,-21.5995705289,10.3738817286,1.59833620701,455.848180461
0.355948987855,11.2757809617,-5.22870818891,-19.1181002049,10.5548695836,1.61331622403,456.066892637
-7.82529893109,12.446797568,-4.47625849478,-16.5153506551,10.7281101769,1.6273797455,456.284620591
9.99884608638,11.721185613,-3.70094931744,-13.8075278705,10.8935775404,1.64051743323,456.501350515
-6.37524684848,9.39509628699,-2.91604585364,-11.0108378418,11.0512457056,1.65271994899,456.717068602
-10.2278981945,6.22727512258,-2.13471807237,-8.14148656001,11.2010887042,1.66397795458,456.931761046
-17.5183341259,3.05037336778,-1.37013594258,-5.21568001598,11.3430805679,1.6742821118,457.145414037
4.31227087613,0.537990577481,-0.635469433238,-2.24962420059,11.4771953283,1.68362308243,457.35801377
5.85194910315,-1.27248046597,0.0561114866811,0.740474895279,11.6034070171,1.69199152828,457.569546436
18.1747845396,-2.50269867333,0.691436848213,3.73841128074,11.7216896659,1.69937811113,457.779998228
10.125244021,-3.28770580617,1.25733668239,6.72797896492,11.8320173065,1.70577349278,457.989355339
-0.144674214295,-3.81607502926,1.74064102025,9.69297195693,11.9343639704,1.71116833502,458.197603961
-11.0715890768,-4.2897623582,2.12830883681,12.6170553219,12.0287036894,1.71555329964,458.404730287
-13.8921194772,-4.91072380854,2.40781488314,15.4833783489,12.1150104951,1.71891904844,458.61072051
2.50605039577,-5.73385011779,2.56662397099,18.2751002663,12.1932584192,1.72125624322,458.815560822
12.7639752411,-6.2257709111,2.5918089708,20.9757722439,12.2634214933,1.72255554575,459.019237416
9.39849150187,-5.60853226491,2.48122168613,23.5698012254,12.325473749,1.72280643977,459.221737663
-9.53117628973,-2.71410717304,2.27393131065,26.0469155926,12.3793892182,1.72199369673,459.423053645
7.30683995018,2.75025311189,2.01927048762,28.3982149849,12.4251419323,1.72010091002,459.623178623
-6.87523481979,6.85294046251,1.7665718603,30.6147990419,12.4627059231,1.71711167302,459.822105859
8.92070046907,4.98520578629,1.55743292703,32.6877674028,12.4920552223,1.71300957911,460.019828613
0.273442529492,-1.01431103455,1.39936656738,34.6082197072,12.5131608294,1.7077812537,460.216340147
-13.1660606736,-6.60981006842,1.27957435934,36.3672555944,12.5259816162,1.70142545024,460.411633722
-0.593385941753,-8.06878933569,1.18708059932,37.9559747039,12.530473422,1.69394395421,460.605702598
4.677036159,-5.92825596929,1.11827246083,39.3654766751,12.5265920866,1.68533855107,460.798540037
8.74531162142,-1.74570380618,1.02448726259,40.5868611474,12.5142934495,1.67561102631,460.990139299
3.09644710676,2.89997680125,0.842793934801,41.6129919957,12.4935333503,1.66476316539,461.180493646
-5.79194804976,6.29429282669,0.503204466014,42.4437900364,12.4642676285,1.65279675379,461.369596338
6.39144464091,7.22704208994,-0.0660333906422,43.0809403214,12.4264521237,1.63971357699,461.557440638
-8.21400992719,6.52326310534,-0.89928771994,43.5254566412,12.3800380366,1.62552005932,461.744019805
-0.343395756034,4.96059168109,-1.88138995824,43.7756677398,12.3249580124,1.61024118068,461.9293271
7.55598667414,2.73716720311,-2.85978737982,43.8292310996,12.2611400574,1.59390655983,462.113355786
11.2323296476,-0.064363707181,-3.68192725893,43.6837507515,12.1885656297,1.57654581551,462.296099122
5.3373061121,-2.93883509181,-4.19525686983,43.3366169185,12.1074299948,1.5581885665,462.47755037
-5.75048833092,-3.69100364655,-4.24700727309,42.7849501586,12.01798187,1.53886443155,462.65770279
3.71585649805,-0.62855695776,-3.70507365941,42.0251514721,11.9204699727,1.51860302942,462.836549645
-5.03586586432,3.32246878073,-2.52448341332,41.0552193036,11.8151430202,1.49743397887,463.014084194
9.27428794019,2.46291944405,-0.752370977455,39.8782272652,11.7022497299,1.47538689866,463.190299699
8.11437270426,-1.93687771513,1.30030392596,38.4984814368,11.5820388191,1.45249140754,463.365189421
-15.3221785157,-4.34032550486,3.25693337169,36.920287898,11.4547590052,1.42877712429,463.538746621
13.1967495677,-0.745885585979,4.77991642701,35.1503223579,11.3206590054,1.40427366765,463.71096456
-8.83778155017,4.40452768504,5.68768012923,33.2047390433,11.1799875372,1.37901065639,463.881836499
5.66260393216,6.43430902372,5.83845340063,31.1012669176,11.0329932333,1.35301779381,464.051355699
-3.94516954418,5.85697257041,5.15142904315,28.8540030004,10.8799243884,1.32632512139,464.21951542
-6.9030690001,3.35559618535,3.77773199055,26.4744399214,10.7210292126,1.29896276514,464.386308925
5.92032074425,-0.549456407587,1.92627148643,23.9736179363,10.5565559159,1.27096085108,464.551729474
11.8616256346,-4.88603225037,-0.194043225606,21.3625773004,10.3867527084,1.24234950523,464.715770327
-4.69257859129,-8.57292817701,-2.37430290197,18.6523582694,10.2118678002,1.21315885362,464.878424747
-12.7298041461,-9.67685307109,-4.40559829905,15.8540010988,10.0321494013,1.18341902225,465.039685994
-7.57227369989,-6.67482661301,-6.09399891903,12.9785460441,9.84784572199,1.15316013715,465.199547329
9.95601308032,-0.587040991867,-7.31762475845,10.0370333608,9.65920497218,1.12241232434,465.358002013
-8.99620473612,6.38509365804,-8.01811660502,7.04050330452,9.46647536201,1.09120570983,465.515043307
6.24787842312,10.1292362108,-8.1492507578,3.99999613074,9.26990510155,1.05957041965,465.670664472
7.69733164799,8.38329671112,-7.69565836925,0.926892260103,9.06974240089,1.02753657981,465.824858769
-6.31364191984,2.33510990539,-6.76539000555,-2.16606722632,8.86623547012,0.995134316336,465.97761946
5.08842676252,-4.77924067302,-5.49735108632,-5.26580108234,8.65963251931,0.962392091507,466.128941468
-4.9747464112,-9.18491834153,-4.03044703116,-8.35922806179,8.45018175855,0.929331712678,466.278826374
6.26779846856,-9.38536462719,-2.49654906584,-11.4332669185,8.23813139792,0.895973323469,466.427277422
8.38107705463,-6.07023651499,-0.993368701536,-14.4748364063,8.02372964751,0.862337067501,466.574297853
4.16360347918,-0.603815420514,0.412508501857,-17.4708552789,7.8072247174,0.828443088392,466.719890913
-15.1745625372,4.70904871291,1.66051992379,-20.4082422903,7.58886481767,0.794311529763,466.864059843
13.9908829148,7.69826175325,2.69010294373,-23.2739161942,7.36889815841,0.759962535233,467.006807889
21.0396749106,7.63741621173,3.47057713167,-26.0547957445,7.1475729497,0.725416248422,467.148138292
14.0045428476,4.57658151544,4.09079081982,-28.7377996949,6.92513740162,0.69069281295,467.288054297
-20.0242377554,0.64639877953,4.66947453092,-31.3098467993,6.70183972426,0.655812372436,467.426559148
-9.72293086885,-1.9869513915,5.32535878771,-33.7578558116,6.4779281277,0.620795070501,467.563656086
12.2614954578,-3.12558431432,6.17717411295,-36.0687454855,6.25365082202,0.585661050763,467.699348356
-8.73819312303,-3.18434900743,7.34365102939,-38.2294345748,6.0292560173,0.550430456844,467.833639202
7.27312271587,-2.57390747148,8.8879793672,-40.2268418335,5.80499192364,0.515123432361,467.966531866
-7.44151650076,-0.502680134408,10.6511861863,-42.0478860152,5.58110675111,0.479760120937,468.098029592
-3.34498981898,1.62937283918,12.4189849437,-43.6797129635,5.3578487098,0.444360666189,468.228135624
6.49925144643,1.1084773591,13.9464545596,-45.1124477908,5.13546600979,0.408945211738,468.356853204
-4.70004595638,-2.77188350515,14.8627294617,-46.3447263396,4.91420686116,0.373533901203,468.484185577
5.55161606802,-2.83236422567,14.7656534109,-47.3775075911,4.69431947399,0.338146878205,468.610135986
-11.1444273218,4.25126596175,13.4163567824,-48.2127594404,4.47605205838,0.302804286363,468.734707673
16.0979665763,5.46485748032,11.2287949772,-48.8527020112,4.2596528244,0.267526269296,468.857903884
-13.3177440284,-3.81304652317,8.78291516612,-49.2995554272,4.04536998214,0.232332970625,468.97972786
4.76558457744,-8.33151475047,6.62159086382,-49.555539812,3.83345174168,0.197244533969,469.100182846
0.457995302517,-4.84785116754,5.13703165424,-49.6228752893,3.6241463131,0.162281102948,469.219272084
1.78882895452,-2.69553756707,4.1593270489,-49.503764745,3.41768466868,0.127462821182,469.336998819
-6.53326306747,0.810163684977,3.37803654122,-49.2003243958,3.21421111158,0.0928098322906,469.453366293
7.84865354121,8.19670731706,2.48271962462,-48.7145823492,3.01378183569,0.0583422798933,469.568377751
-5.93803682511,10.500097968,1.16293579253,-48.0485489947,2.81643531702,0.02408030761,469.682036435
4.60856666808,4.36763906313,-0.818570688399,-47.204234722,2.62221003159,-0.00995594093947,469.794345589
-5.87566478678,-3.91307542294,-3.40631645864,-46.1836499206,2.43114445541,-0.0437463221355,469.905308456
9.07446975489,-8.57996604103,-6.47163338543,-44.9888049803,2.2432770645,-0.0772706923581,470.01492828
1.67028588433,-7.34477694641,-9.86114437817,-43.6217102905,2.05864633489,-0.110508907988,470.123208304
-14.411861017,-1.7771253125,-13.2946391184,-42.0843762408,1.87729074257,-0.143440825405,470.230151772
13.5238764244,4.71118115136,-16.3552087436,-40.378813221,1.69924876357,-0.17604630099,470.335761926
-10.6043793393,6.23806226052,-18.597946995,-38.5070316204,1.52455887391,-0.208305191122,470.440042011
-4.42904847924,1.82181554799,-19.6627532992,-36.4720712374,1.35325954961,-0.240197352182,470.54299527
7.10363874639,-3.97511099016,-19.5281994601,-34.2816398689,1.18538926667,-0.271702640551,470.644624947
0.676925243478,-6.49236701589,-18.2860019208,-31.9466761789,1.02098650111,-0.302800912608,470.744934284
-9.91278873147,-5.03904730091,-16.1540390003,-29.4786691962,0.860089728956,-0.333472024733,470.843926525
9.68152773078,-0.549134483582,-13.3989318037,-26.8891079495,0.702737426217,-0.363695833308,470.941604913
-0.588208294785,4.00105322551,-10.2918520299,-24.1894814676,0.548968068911,-0.393452194712,471.037972693
-3.7714047959,7.19152267853,-7.10397137765,-21.3912787792,0.398820133054,-0.422720965326,471.133033106
2.0859824502,8.36182851715,-4.10646154559,-18.505988913,0.252332094662,-0.451482001529,471.226789398
1.1205486837,7.31640891212,-1.53792877904,-15.5451008977,0.109542429752,-0.479715159702,471.319244811
-5.88076677528,2.98209614052,0.493282490495,-12.5201037622,-0.0295103856612,-0.507400296226,471.410402588
9.82130913998,-3.62558092016,1.93579748447,-9.44248653499,-0.16478787556,-0.53451726748,471.500265974
-13.4020517817,-7.80760891235,2.83585822223,-6.32373824498,-0.29625156393,-0.561045929845,471.588838211
4.66835139688,-6.59669830022,3.27640139628,-3.17534792085,-0.423862974753,-0.5869661397,471.676122542
8.02789736069,-1.89689919004,3.38952559373,-0.00880459132582,-0.547583632015,-0.612257753427,471.762122212
12.189881558,3.26553107473,3.31961987537,3.16440271485,-0.667375059698,-0.636900627406,471.846840464
14.0555994373,5.86433515064,3.21107330199,6.33278496895,-0.783198781786,-0.660874618016,471.930280541
-11.7032487153,3.66579263809,3.19333315248,9.48485314224,-0.895016322263,-0.684159581638,472.012445686
9.77057951995,-1.6255287515,3.32601646162,12.609118206,-1.00278920511,-0.706735374653,472.093339144
-8.90050089648,-5.18603959949,3.61354601585,15.6940911315,-1.10647895432,-0.72858185344,472.172964156
2.26359322654,-4.9920257323,4.04855161614,18.7282828899,-1.20604709387,-0.74967887438,472.251323968
7.49477818271,-2.10068660356,4.61674358812,21.7002044527,-1.30145514774,-0.770006293853,472.328421822
8.93040939643,1.84706907119,5.3021023886,24.5983667909,-1.39266463992,-0.789543968239,472.404260961
6.60826633224,5.29390853629,6.08860847438,27.411280876,-1.4796370944,-0.808271753918,472.478844629
-0.0886691472674,7.08029663801,6.96024230227,30.1274576791,-1.56233403515,-0.826169507272,472.55217607
-7.45696618949,6.38526285066,7.89997071104,32.7354081716,-1.64071698616,-0.843217084679,472.624258527
6.79932847859,2.76239363012,8.88468113747,35.2236433246,-1.71474747141,-0.859394342521,472.695095243
-0.500302165141,-2.82514093543,9.88214768117,37.5806741096,-1.78438701489,-0.874681137177,472.764689462
-6.00149906787,-8.3850219029,10.8581195119,39.7950114976,-1.84959714058,-0.889057325028,472.833044427
5.44793770374,-11.9707712098,11.7783457995,41.8551664601,-1.91033937247,-0.902502762453,472.900163381
6.54671171311,-12.5448291437,12.6119904339,43.7496499682,-1.96657523454,-0.914997305835,472.966049569
-0.210053087202,-9.74943593192,13.3425968555,45.4669729933,-2.01826671357,-0.926520348742,473.030706233
-8.37505481803,-4.98930712781,13.960005904,46.9956465066,-2.06537764761,-0.93704943351,473.094136616
-0.512731663941,-0.111138890901,14.4547790894,48.3241814794,-2.1078723375,-0.946561639663,473.156343963
8.99234000909,3.02951080073,14.8174779213,49.4410888829,-2.14571508406,-0.955034046727,473.217331517
-8.26381597745,3.52648378152,15.0386639095,50.3348796884,-2.17887018814,-0.962443734226,473.27710252
7.87731744381,4.31012864002,15.1076889627,50.9952744682,-2.20730195058,-0.968767781685,473.335660218
-9.03267180447,8.21672310951,15.0085222011,51.4173765831,-2.23097467221,-0.973983268629,473.393007852
-9.0724370791,13.5327862027,14.7202129548,51.6012091841,-2.24985265389,-0.978067274584,473.449148666
13.7285529249,17.7136522706,14.215135564,51.5535070205,-2.26393680493,-0.980996879074,473.504085904
-14.5467161305,18.9422013071,13.4641317179,51.2826839266,-2.2733744687,-0.982749161624,473.557822809
-4.97438365113,17.773654011,12.4518274684,50.7971903454,-2.27834959703,-0.983301201758,473.610362625
7.93702956916,14.5944750178,11.217986319,50.1054767198,-2.27904614177,-0.982630079003,473.661708595
9.29837054968,9.66397678666,9.81615613616,49.2159934929,-2.27564805475,-0.980712872883,473.711863962
-8.06610162478,3.49005971141,8.2998847863,48.1371911074,-2.26833928783,-0.977526662922,473.76083197
2.848740143,-3.23624382659,6.72272013582,46.8775200065,-2.25730379284,-0.973048528647,473.808615863
5.30062665051,-8.84650514623,5.13821005115,45.445430633,-2.24272223666,-0.967258834545,473.855218883
8.55190592996,-12.4739128011,3.59990239868,43.8493734299,-2.22475914829,-0.96015408299,473.900644274
12.7285459639,-13.5342752953,2.16134504484,42.0977988401,-2.20356377966,-0.951746053422,473.94489528
5.91892285038,-11.4793267806,0.855603388537,40.1991573066,-2.17928238467,-0.942049523306,473.987975143
-12.4939548509,-5.90897319332,-0.361717848767,38.1618992723,-2.15206121722,-0.931079270109,474.029887108
9.37367978206,2.33772686529,-1.53761964271,35.9944751802,-2.12204653121,-0.918850071295,474.070634418
-5.62777748844,8.01061676092,-2.71463377632,33.7053354732,-2.08938458055,-0.90537670433,474.110220316
3.21172762745,7.38306689353,-3.91947759442,31.3029305942,-2.05422161914,-0.890673946681,474.148648045
-2.05998283182,2.64242216162,-5.11561068893,28.7957109863,-2.01670390087,-0.874756575813,474.185920849
2.25313619045,-2.27900999281,-6.25067821357,26.1921270924,-1.97697767966,-0.857639369193,474.222041972
-3.64975010858,-3.9470422682,-7.27232532203,23.5006293553,-1.93518920941,-0.839337104284,474.257014657
0.643596767966,-1.69620487714,-8.06755295362,20.7296682181,-1.89148474401,-0.819864558554,474.290842147
5.30711383016,1.66306365563,-8.30815224866,17.8876941237,-1.84601053738,-0.799236509467,474.323527686
-6.4145492028,2.96809800479,-7.75558404358,14.9823413026,-1.79891284341,-0.777467734491,474.355074517
-3.02084300165,1.04799720906,-6.36670829915,12.0179791355,-1.750337916,-0.75457301109,474.385485883
12.1134267663,-1.75452536412,-4.15782809581,8.99816079075,-1.70043200906,-0.73056711673,474.414765029
-12.6138857492,-2.31221115187,-1.23145152649,5.92643943655,-1.64934137648,-0.705464828877,474.442915196
9.5756477817,0.626911714147,1.97691778309,2.81007628836,-1.59721227218,-0.679280924996,474.46993963
-6.76028317384,1.77936913316,4.92254977585,-0.328256175159,-1.54419095006,-0.652030182554,474.495841573
8.34459691969,-1.15989598926,7.05768697487,-3.45986113021,-1.49042366401,-0.623727379017,474.520624268
-9.50337870249,-2.4562456653,7.85824004676,-6.5554626785,-1.43605666793,-0.594387291849,474.544290959
-17.891540665,0.161196009207,6.9694705087,-9.59070982882,-1.38123621574,-0.564024698517,474.56684489
18.0686353719,5.30099341822,4.68979606221,-12.5609512184,-1.32610856134,-0.532654376486,474.588289304
10.8915138205,6.47751441812,1.50091577064,-15.4664603914,-1.27081995861,-0.500291103222,474.608627444
-8.6855369482,2.26611519801,-2.02446359362,-18.3075108922,-1.21551666148,-0.466949656191,474.627862554
5.7784048538,-5.49754757061,-5.24948915801,-21.084376265,-1.16034492384,-0.432644812859,474.645997877
-5.97648234045,-9.7901123072,-7.52626960385,-23.7973300542,-1.10545099959,-0.397391350691,474.663036656
6.90109082348,-8.1085509385,-8.3266910266,-26.446645804,-1.05098114263,-0.361204047152,474.678982135
10.1439429174,-3.08412981231,-7.65363634073,-29.0288350359,-0.997081606871,-0.32409767971,474.693837558
2.29199306126,2.18206214834,-5.83731452466,-31.5253611807,-0.943898646212,-0.286087025829,474.707606168
-13.5192768043,5.87749833965,-3.25549872789,-33.9182486375,-0.891578514555,-0.247186862976,474.720291208
-9.54252117082,6.85378858993,-0.268670134542,-36.2068137712,-0.840267465802,-0.207411968615,474.731895921
-6.02250307857,5.38981652622,2.75584781259,-38.3946959378,-0.790111753856,-0.166777120213,474.742423552
12.139987295,2.16315391292,5.40607067051,-40.4855344933,-0.741257632618,-0.125297095236,474.751877343
-5.47963301613,-1.67466944676,7.26104900357,-42.4851690511,-0.693851355992,-0.0829873824667,474.760261249
-5.55011813318,-3.1209525947,7.90894381087,-44.4085496595,-0.64803917788,-0.0398663159632,474.76758207
2.56870615754,-0.0532454130757,7.09082965022,-46.2662174198,-0.603967352183,0.00404705889959,474.773847318
-2.69444546098,3.50255255222,5.15251237872,-48.0376355382,-0.561782132804,0.0487336967463,474.779064504
6.62078445188,1.38232025802,2.59952976806,-49.6944203959,-0.521629773646,0.0941736654194,474.783242026
-11.7125864089,-3.6819609491,-0.119343054188,-51.2081883742,-0.483656528611,0.140343485633,474.786391829
-0.32474020081,-6.29528941598,-2.57115141449,-52.5505558542,-0.448008651601,0.187218791321,474.788526746
7.67895031473,-6.13750628066,-4.3469072443,-53.6931392171,-0.414832396518,0.234775216413,474.789659607
18.4233613876,-4.09573261573,-5.21359155175,-54.6075548441,-0.384274017266,0.282988394842,474.789803246
10.2660224198,-0.766365413499,-5.28256257735,-55.2654191165,-0.356479767745,0.331833960541,474.788970495
6.14307542141,3.11968838239,-4.74587158337,-55.6377580504,-0.331595901859,0.381287547442,474.787174184
-6.84268444541,6.77786867626,-3.79513644998,-55.6960454132,-0.309754304516,0.431324789477,474.784427147
-11.0114620185,9.42361537242,-2.61031692882,-55.4234865812,-0.291013380147,0.481921320577,474.780742216
9.29782428008,10.2680819594,-1.36430142514,-54.8104366643,-0.275353146171,0.533052774676,474.776132221
-8.63053842992,8.4743001219,-0.210992955923,-53.8483359029,-0.262737615505,0.584694785706,474.770609997
8.91695812357,3.55882133197,0.765964521956,-52.5286245373,-0.253130801065,0.636822987598,474.764188373
-2.10315589853,-2.87211713597,1.49521936056,-50.8427428079,-0.246496715766,0.689413014285,474.756880183
-10.192930609,-7.95529174553,1.90401392364,-48.7821309552,-0.242799372525,0.742440499698,474.748698259
10.4050256344,-9.10461285676,1.93328271631,-46.3382292195,-0.242002784258,0.795881077771,474.739655432
-9.31404752418,-6.00035939376,1.60030919425,-43.5103062294,-0.244070963881,0.849710382436,474.729764535
-9.61855347877,-0.378867371901,1.02239049513,-40.3289441664,-0.248967924309,0.903904047624,474.719038399
-9.79265033574,5.397529909,0.338404141783,-36.8325536002,-0.25665767846,0.958437707267,474.707489856
7.9781471976,8.81585575005,-0.312835897881,-33.0594815455,-0.267104239248,1.0132869953,474.69513174
-7.33021985275,7.75135034531,-0.809442501885,-29.0478207972,-0.28027161959,1.06842754565,474.681976881
6.92849012152,2.37725899509,-1.10334997145,-24.835148416,-0.296123832401,1.12383499225,474.668038111
-6.56227879299,-4.18824211854,-1.19178355444,-20.4568838756,-0.314624890599,1.17948496904,474.653328263
-0.468013894535,-8.93343024523,-1.08043133285,-15.9465989992,-0.335738807099,1.23535310995,474.637860169
5.97255003482,-10.8923583134,-0.782307093899,-11.3375167421,-0.359429594816,1.2914150489,474.62164666
4.01677915021,-9.65063608191,-0.340968731343,-6.6628600598,-0.385661266668,1.34764641983,474.60470057
-6.14354241885,-5.35676741984,0.182501996586,-1.95585190763,-0.414394214618,1.40401923573,474.587034729
5.43985171734,0.735898300512,0.724386574911,2.75028475899,-0.445574346828,1.46049102577,474.568661969
5.75883757702,6.88540207824,1.22096648865,7.42232698467,-0.479143950508,1.51701569817,474.549595124
0.82521650809,11.3648595828,1.60852322284,12.027051814,-0.515045312868,1.57354716116,474.529847024
-5.28305406298,12.756230405,1.82333826249,16.5312362916,-0.553214787983,1.63003338984,474.509430502
5.83774049554,9.89982325152,1.8165867716,20.9016574621,-0.593564997398,1.68639862676,474.48835839
-6.52802483584,2.96105765346,1.60448551053,25.1072796004,-0.636002629523,1.74256118135,474.46664352
6.76750350317,-5.04563556032,1.24001244045,29.1258159032,-0.680434372767,1.79843936303,474.444298723
-4.7756216956,-10.0276789033,0.781612403008,32.9371667975,-0.72676691554,1.85395148124,474.421336833
-6.30956553336,-10.4777509502,0.291204194061,36.5212327102,-0.774906946252,1.90901584539,474.39777068
-0.0390989790093,-7.5148252555,-0.16939262532,39.8609141507,-0.824761153314,1.96355076492,474.373613097
0.500669401606,-2.75803185331,-0.590864746461,42.9511119573,-0.876236225135,2.01747454925,474.348876917
8.22591285788,2.17621237638,-0.977893912344,45.7897270504,-0.929238850125,2.07070550781,474.32357497
7.9248046392,5.67149055358,-1.33569103194,48.3751895165,-0.983675716694,2.12316195001,474.297720089
-10.2067484055,6.21165219875,-1.67158367822,50.7080461063,-1.03945351325,2.1747621853,474.271325107
-3.96213742196,3.26654388943,-1.99312765238,52.7893727361,-1.09647892821,2.22542452309,474.244402854
15.2700504708,-1.2539955748,-2.30667500465,54.6202453226,-1.15465864998,2.27506727281,474.216966163
-9.82407917772,-4.81512100055,-2.61827684751,56.2017397821,-1.21389936696,2.32360874389,474.189027867
-14.2367205714,-4.74113352248,-2.91453821185,57.5349320313,-1.27410776758,2.37096724576,474.160600796
6.56819066456,0.163622819577,-3.10427980221,58.6208979866,-1.33519054023,2.41706108783,474.131697784
8.15305297388,5.3060238353,-3.07687624155,59.4607135645,-1.39705437333,2.46180857953,474.102331662
-8.4458377705,4.82177214785,-2.7323072255,60.0553355115,-1.45960595529,2.5051280303,474.072515262
12.5144431646,-3.09259942915,-2.03808148431,60.405790558,-1.52275197453,2.54693774956,474.042261416
-16.2968641568,-7.25790084965,-1.07395365855,60.5163787816,-1.58639911943,2.58715604673,474.011582956
15.6238748838,-0.205767656028,0.044382533691,60.396748642,-1.65043234935,2.62570123124,473.980492715
-12.1537868941,8.28027395243,1.17599996827,60.0576675446,-1.71464970723,2.66249161252,473.949003523
-8.53901286385,9.48142085558,2.1743952161,59.5094505846,-1.77882750698,2.69744549998,473.917128215
8.65255000156,5.70321809186,2.92407556216,58.7625375839,-1.84274206248,2.73047662183,473.884884201
-8.43225866885,1.2801823344,3.42853280222,57.8329256171,-1.90616968761,2.76465825154,473.849129351
6.5116330044,-2.19553743498,3.72581451443,56.7331914171,-1.96888669627,2.79669748713,473.813087708
-3.41418706533,-6.69730826835,3.85469888105,55.4751811128,-2.03066940233,2.82649776561,473.776786977
2.71557293611,-11.3522011186,3.85656920751,54.06813571,-2.09129411969,2.85396714121,473.740250243
-4.5706351686,-11.912446947,3.77456671442,52.5195382992,-2.15053716223,2.87901520768,473.703499057
5.85057924624,-7.4598006316,3.64369056565,50.8365991411,-2.20817484384,2.9015598766,473.666546646
-6.27991611458,-1.56283458304,3.46528037887,49.0265284964,-2.2639834784,2.92152923782,473.629396063
8.26144014368,3.26959998449,3.23226088522,47.096536626,-2.31773937981,2.93885354083,473.5920482
1.10115828546,7.44770298711,2.93755681582,45.0538337905,-2.36921886194,2.95346303514,473.554503948
-14.5498053352,10.5992282513,2.5740929018,42.9056302507,-2.41819823869,2.96528797024,473.5167642
13.3669239592,11.5173529456,2.13495220898,40.6591362673,-2.46445382394,2.97425859565,473.478829847
-6.27813737044,8.02288895128,1.61344130667,38.3215621011,-2.50776193158,2.98030516085,473.440701782
-5.22605773989,0.847714032771,1.00138575805,35.9001180128,-2.5478988755,2.98335791536,473.402380896
6.31836621122,-7.4121559866,0.290201291076,33.4020142632,-2.58464096957,2.98334710868,473.363868082
-11.098662443,-10.9247049972,-0.528696366283,30.834461113,-2.6177645277,2.98020299031,473.325164231
-10.4260222488,-7.45721539797,-1.45751135721,28.2046688229,-2.64705279677,2.97386274275,473.286270235
16.1814356856,-0.431258859744,-2.46618599082,25.5198476537,-2.67231675569,2.96429128055,473.247186986
10.359550921,6.0605568738,-3.49131717266,22.7872078661,-2.69337431641,2.95146045125,473.207915377
-11.8959841454,10.1340299041,-4.46276048961,20.0139597209,-2.71004339085,2.93534210238,473.168456298
2.42642605843,11.0768017822,-5.31511815297,17.2073134788,-2.72214189093,2.9159080815,473.128810643
12.2151369684,10.6525506994,-6.00578887834,14.3744794006,-2.72948772859,2.89313023615,473.088979302
9.88472499405,10.6387205239,-6.51215803192,11.522667747,-2.73189881574,2.86698041387,473.048963169
-16.4611094236,10.3384410994,-6.81483592329,8.65850371554,-2.72919306433,2.83743046221,473.008763134
-21.5181348359,8.43531126151,-6.89199882282,5.78617846467,-2.72118838627,2.8044522287,472.96838009
19.8779772831,3.42783276882,-6.7196425878,2.90770273966,-2.70770269349,2.76801756089,472.927814929
7.47908773087,-5.31902489189,-6.26878847494,0.0201126852199,-2.68855389792,2.72809830632,472.887068542
-9.16026976546,-12.1979651631,-5.50923753746,-2.88077575741,-2.6635599115,2.68466631254,472.846141822
6.30375330872,-10.3908727798,-4.40992432397,-5.79914664699,-2.63253864614,2.63769342709,472.805035661
-7.3614499544,1.82331403703,-2.9595214495,-8.73793706711,-2.59530801377,2.58715149752,472.76375095
9.44747178164,11.8966607564,-1.23865136426,-11.6950962007,-2.55169600083,2.53302244587,472.722288582
-9.75624570357,8.44801376888,0.645151141737,-14.6673262554,-2.5015708918,2.47532849223,472.680649448
9.07109375432,-2.86140790025,2.56951825903,-17.6513294389,-2.44481104566,2.41410193121,472.63883444
-8.71326297132,-10.3302276799,4.40837392327,-20.643807959,-2.38129482138,2.34937505739,472.596844451
1.75701116529,-10.1426145892,6.01732310054,-23.6406796359,-2.31090057795,2.28118016539,472.554680372
1.6892410672,-4.98126445294,7.2043621554,-26.63472474,-2.23350667436,2.20954954979,472.512343095
8.15577920766,1.23496480828,7.86183759045,-29.6179391541,-2.14899146958,2.13451550519,472.469833512
0.939697223516,5.09182883348,7.90776318519,-32.5823187612,-2.0572333226,2.0561103262,472.427152515
-8.84805659407,5.2798076518,7.27456038646,-35.5178681559,-1.9581105924,1.97436630741,472.384300997
11.2425693601,1.92042189682,5.97354156969,-38.4066267799,-1.85150163796,1.88931574341,472.341279848
6.53823326565,-1.50685436589,4.11546781561,-41.228642787,-1.73728481827,1.80099092881,472.298089961
-16.9107426556,-2.52047137224,1.83236046444,-43.9639643306,-1.6153384923,1.7094241582,472.254732228
16.3574872165,-0.342601083553,-0.70856081675,-46.5926395642,-1.48554101904,1.61464772619,472.211207541
-8.8917567758,1.63531650953,-3.19928305344,-49.0947166416,-1.34777075748,1.51669392736,472.167516791
-9.28105678751,1.5558106952,-5.3178600529,-51.4502437161,-1.20190900755,1.41559799728,472.123660872
6.81180110604,-0.709324883261,-6.82740605706,-53.6392689415,-1.04784883304,1.31140693536,472.079640673
5.64869844163,-2.06269908602,-7.51230041653,-55.6418404712,-0.885486238723,1.20417068197,472.035457089
-5.88183869924,-0.999301783311,-7.19116377569,-57.4370286996,-0.714717229341,1.09393917748,471.99111101
5.38990886807,2.41739453052,-5.84923829452,-58.9999929848,-0.535437809651,0.98076236225,471.946603328
-4.83756761582,4.19203420095,-3.6276896454,-60.3018580679,-0.347543984409,0.864690176663,471.901934936
0.927803067312,1.4781738848,-0.770403219636,-61.3015212602,-0.150931758369,0.745772561085,471.857106725
3.56251220031,-3.54470603107,2.23233493937,-61.9548230156,0.0545028637138,0.624059455887,471.812119587
-0.362229068568,-7.06400907659,4.82940283952,-62.217603788,0.268863877086,0.499600801439,471.766974415
0.456338858296,-4.74816776241,6.53715902016,-62.0456484221,0.492199668047,0.372446538112,471.7216721
-0.0469422839196,2.53338113752,7.14352617711,-61.396161358,0.724336187128,0.242646606275,471.676213534
-6.87711588338,8.56860544122,6.51280370365,-60.2351875926,0.965043775913,0.110250946299,471.630599609
19.9188462642,4.57500548577,4.6307503776,-58.543835619,1.21409277599,-0.0246905014454,471.584831217
-32.0340098971,-4.08051968549,1.92747374948,-56.3219791492,1.47125352894,-0.162127796588,471.53890925
-23.2410748614,-7.24603047938,-1.05641344771,-53.5736011889,1.73629637635,-0.302010998759,471.4928346
-24.6137057526,-5.15390343416,-3.81178187984,-50.3099185842,2.0089916598,-0.444290167587,471.446608159
-13.1999059385,-0.715874448166,-5.97756124843,-46.5710835412,2.28910972088,-0.588915362702,471.400230818
28.7593212131,3.28353957971,-7.31266641441,-42.4044821062,2.57642090119,-0.735836643734,471.35370347
-8.57953387248,4.45845339737,-7.59813767885,-37.8575003253,2.87069554229,-0.885004070312,471.307027007
-16.4260055962,2.02686195589,-6.71241823787,-32.9779767264,3.17170398577,-1.03636770207,471.260202321
14.7448835797,-2.90333022616,-4.92356286793,-27.8155597633,3.47921657323,-1.18987759863,471.213230303
-8.73904030362,-5.48621175683,-2.59702924057,-22.4203503713,3.79300364625,-1.34548381962,471.166111846
-18.7044725209,-3.59096637854,-0.0706585772138,-16.8424494859,4.11283554641,-1.50313642468,471.118847841
-5.1211452946,1.83479331371,2.4281737011,-11.1319580424,4.43848261529,-1.66278547344,471.07143918
6.24260485123,7.61044257639,4.69970862342,-5.33897697622,4.76971519449,-1.82438102552,471.023886756
16.7342011034,10.1085969552,6.5441872188,0.486392777271,5.10630362558,-1.98787314055,470.97619146
0.47856882644,6.73947968153,7.82174065259,6.29405028268,5.44801825016,-2.15321187816,470.928354185
-9.9763579034,-0.917766044758,8.61357141038,12.0338946046,5.7946294098,-2.32034729799,470.880375821
9.56114257451,-9.27871784542,8.98681521469,17.6558248078,6.1459074461,-2.48922945967,470.832257262
-11.2295751591,-12.3165114612,8.99868997534,23.1105829684,6.50162270064,-2.65980842281,470.783999399
2.85745336912,-8.58911749456,8.72099334687,28.352556387,6.861545515,-2.83203424706,470.735603124
12.3341211753,-1.305118608,8.15527077988,33.3380680857,7.22544623077,-3.00585699204,470.687069328
6.71610699885,5.74954953922,7.2826425731,38.0244335117,7.59309518954,-3.18122671738,470.638398905
-6.28351331042,10.0635541774,6.08135203355,42.3718451039,7.96426273288,-3.35809348271,470.589592745
-8.54447162355,9.76895758194,4.520335896,46.3412145492,8.33871920239,-3.53640734766,470.540651742
9.72198746141,3.98319206239,2.57667358832,49.8934535344,8.71623493965,-3.71611837186,470.491576786
-9.61875284346,-3.8083185192,0.388825175573,52.9894737464,9.09658028625,-3.89717661494,470.442368769
6.00421780312,-6.70816942036,-1.86225728673,55.590186872,9.47952558376,-4.07953213653,470.393028585
-1.75120963391,-2.39199387249,-3.98456439293,57.6565045982,9.86484117378,-4.26313499626,470.343557124
0.134453254804,4.38174804788,-5.75999413312,59.1674754083,10.2522973979,-4.44793525376,470.293955278
-2.33831768423,5.76655147685,-7.03193433347,60.1746949719,10.6416645977,-4.63388296866,470.24422394
7.63920069658,-0.997196377526,-7.73073612216,60.7555828878,11.0327131147,-4.82092820059,470.194364001
-12.4855471883,-6.13127208195,-8.06205664943,61.0183072845,11.4252132906,-5.00902100917,470.144376354
13.8829627452,-1.72757467446,-8.26613658883,61.0626626155,11.818935467,-5.19811145404,470.09426189
-12.6340595361,5.51058222614,-8.44624468528,60.9242001039,12.2136499853,-5.38814959483,470.044021501
-0.184153246719,7.28245200758,-8.6714067015,60.6224391547,12.609098198,-5.57908549116,469.993656079
7.19682536336,2.82735270497,-8.9613960122,60.1770151296,13.0049055004,-5.77086920267,469.943166517
-3.68500660661,-5.17738054796,-9.13853103702,59.607146977,13.4006682985,-5.96345078899,469.892553705
2.8650641894,-7.92626125231,-8.97432038171,58.9304962193,13.7959829985,-6.15678030974,469.841818537
-7.37579982541,-1.1972431148,-8.28285060126,58.1612934566,14.1904460064,-6.35080782456,469.790961903
13.8194015822,6.60091783408,-7.04693887773,57.2984644298,14.5836537283,-6.54548339307,469.739984696
13.7890857533,8.0570573276,-5.29152900356,56.3370526187,14.9752025702,-6.74075707491,469.688887809
-3.71942326204,2.28200309786,-3.08346347898,55.2721015029,15.3646889383,-6.9365789297,469.637672132
-15.4968264541,-5.24979725158,-0.657179635429,54.0986545622,15.7517092386,-7.13289901708,469.586338557
6.47527610808,-8.6600983306,1.71098648785,52.8117552763,16.1358598772,-7.32966739666,469.534887978
8.15499417943,-5.73963469043,3.77796896913,51.4064471249,16.5167372602,-7.52683412809,469.483321285
-7.90549794438,2.80971410688,5.43378235664,49.8777735877,16.8939377937,-7.724349271,469.431639371
10.2782854444,9.67448696977,6.6006525171,48.2218369435,17.2670578836,-7.922162885,469.379843127
-4.61914701587,10.536510711,7.21699160449,46.4392423487,17.6356939362,-8.12022502974,469.327933445
-7.17418939273,7.05504502763,7.30855206937,44.5327244848,17.9994423575,-8.31848576484,469.275911218
-10.2044021985,2.13397424869,6.9486074897,42.5050387189,18.3578995536,-8.51689514993,469.223777338
-15.2313459457,-1.32953045885,6.21772560351,40.3583594199,18.7106619305,-8.71540324464,469.171532695
11.8738661685,-1.60474524292,5.19509319886,38.0962419068,19.0573258943,-8.91396010861,469.119178183
-8.18731427407,-1.66451103079,3.95949007729,35.7226484848,19.3974878511,-9.11251580145,469.066714693
6.50682222547,-4.57392666671,2.58969604036,33.2415414594,19.730744207,-9.3110203828,469.014143117
1.88095348694,-8.72205931583,1.16449088961,30.656883136,20.0566913681,-9.50942391229,468.961464348
-8.93909932127,-12.0221194919,-0.237345573407,27.9726358199,20.3749257403,-9.70767644955,468.908679276
4.18518512002,-13.0120178594,-1.53703354715,25.1927618167,20.6850437299,-9.90572805421,468.855788794
12.5776939084,-11.9661741117,-2.66864997959,22.3212234318,20.9866417429,-10.1035287859,468.802793794
-13.4141901962,-9.57407660654,-3.61769881683,19.3619829704,21.2793161854,-10.3010287042,468.749695168
-12.5608187202,-6.65262266563,-4.3825407545,16.319002738,21.5626634633,-10.4981778689,468.696493808
12.9982063966,-4.14245919731,-4.96153648822,13.19624504,21.836279983,-10.6949263394,468.643190605
-12.1466969939,-2.8062529016,-5.35304671361,9.99767218187,22.0997621503,-10.8912241755,468.589786453
1.58319065485,-2.44297217334,-5.55543212631,6.72724646895,22.3527063714,-11.0870214368,468.536282241
9.6382314274,-2.02122794517,-5.56812362492,3.39000040963,22.5947095892,-11.2822687198,468.482678864
-8.09400385795,-0.439839883594,-5.39483292006,-0.0047526756816,22.8253708942,-11.4769187685,468.428977212
-4.44849504445,2.67627651614,-5.03969543498,-3.44662926363,23.044289914,-11.6709248639,468.375178177
6.72671282632,6.10868499574,-4.50511589287,-6.92439056953,23.2510662757,-11.8642402869,468.321282652
-8.01767010363,7.88682202842,-3.8045479773,-10.4233767634,23.4452996068,-12.0568183186,468.267291528
-2.27650109755,5.44330348781,-2.98591262828,-13.9280727541,23.6265895348,-12.2486122397,468.213205697
10.0490550742,-0.542615346724,-2.10746268449,-17.4229634503,23.794535687,-12.4395753313,468.159026052
-7.39667708636,-6.8666540948,-1.22796535788,-20.8925337608,23.9487376907,-12.6296608744,468.104753483
3.70698805703,-5.70834879328,-0.39273257759,-24.3212685942,24.0887951735,-12.8188221497,468.050388884
-3.15567363274,2.33131517447,0.401782847257,-27.6936528595,24.2143077626,-13.0070124384,467.995933146
6.09863632351,6.70172257121,1.15312059222,-30.9945567124,24.3248752347,-13.1941851705,467.941387161
-7.58774285007,5.31725254415,1.85832619207,-34.2103912975,24.4200979631,-13.380294373,467.886751821
5.04239325554,4.10171152796,2.52653795636,-37.3279530064,24.4995764704,-13.5652942219,467.832028018
-2.98231592354,2.60954404829,3.1698210766,-40.3340382308,24.5629052018,-13.7491328161,467.777216644
4.54466178425,-2.47569810465,3.80024074427,-43.2154433624,24.6096542939,-13.9317339457,467.72231859
-5.81767816564,-7.54292642455,4.42986215088,-45.9589647928,24.639387806,-14.1130153233,467.667334749
4.11417057761,-6.98776085851,5.05894804598,-48.5513989136,24.6516697971,-14.2928946619,467.612266013
-1.72646880534,-1.76229957776,5.64542257339,-50.9795421165,24.6460643266,-14.4712896742,467.557113274
0.954846295773,3.90855761087,6.15489208295,-53.2301907932,24.6221354538,-14.6481180731,467.501877423
-0.525533298757,7.91613152854,6.55783408647,-55.2901413354,24.5794472378,-14.8232975712,467.446559353
-0.450823196352,9.11898933714,6.83004618275,-57.1461901346,24.5175637379,-14.9967458815,467.391159955
2.79937249604,7.5492424118,6.96226627036,-58.7852295961,24.4360490134,-15.1683807166,467.335680121
-4.3477931668,3.6406691255,6.92535381552,-60.1946978521,24.3344671235,-15.3381197895,467.280120744
-6.25374998368,-1.82993323357,6.68447492899,-61.3627757413,24.2123821274,-15.5058808128,467.224482715
4.20081849322,-7.75951362383,6.20495739474,-62.2778057754,24.0693580845,-15.6715814994,467.168766926
10.7607965518,-12.0765888438,5.4521289967,-62.9281304662,23.9049590538,-15.8351395621,467.11297427
10.0702984042,-12.7699056162,4.39131751883,-63.3020923253,23.7187490947,-15.9964727137,467.057105637
-13.9462098816,-9.05804277158,3.00833099698,-63.3880338644,23.5102922665,-16.155498667,467.001161921
-3.01785823747,-1.24690414815,1.37089847463,-63.1743436414,23.2791986743,-16.3121351347,466.945144013
13.0284875482,7.52486202047,-0.432770752856,-62.6496945447,23.0253627542,-16.4662998297,466.889052805
-6.52342273049,13.611991918,-2.31446739009,-61.8032060953,22.7491255746,-16.6179104648,466.832889188
-11.019641092,14.1450755626,-4.17603416338,-60.6240979606,22.4509283505,-16.7668847527,466.776654056
9.98329884736,7.7423926572,-5.8795218858,-59.1015898084,22.1312122972,-16.9131404063,466.720348299
-7.64840323685,-1.29245836591,-7.27703339212,-57.224901306,21.7904186295,-17.0565951383,466.66397281
4.5976060011,-6.95303274426,-8.21669508013,-54.9872285582,21.4289885627,-17.1971666615,466.60752848
3.76366119437,-7.80534557831,-8.54278376546,-52.399138676,21.0473633117,-17.3347726888,466.551016203
1.29629064316,-5.46719049418,-8.17411335039,-49.4820768257,20.6459840917,-17.4693309329,466.494436868
-3.23986726895,-1.92363200462,-7.16270934691,-46.2631157602,20.2252921177,-17.6007591067,466.43779137
4.9111029889,1.01231767334,-5.59088612803,-42.7703688147,19.7857286049,-17.7289749229,466.381080598
-6.66084881761,2.11061208786,-3.54095806676,-39.031949324,19.3277347682,-17.8538960943,466.324305447
8.42807217656,0.879359687736,-1.09523953612,-35.0759706234,18.8517518227,-17.9754403337,466.267466806
-10.1243327052,-0.95897314035,1.60859069467,-30.9305460478,18.3582209836,-18.0935253539,466.210565569
10.9419700886,-1.23312620673,4.23082782522,-26.6237889322,17.8475834658,-18.2080688678,466.153602627
-5.70115628766,0.0829692569818,6.4541288737,-22.1838126119,17.3202804845,-18.318988588,466.096578872
-7.40204154804,2.43614333369,7.980582412,-17.6387304217,16.7767532548,-18.4262022274,466.039495197
3.86211116014,4.46509953971,8.51227701198,-13.0166556967,16.2174429917,-18.5296274988,465.982352492
-2.39655632961,2.90317989643,7.82863366823,-8.34501768071,15.6427909102,-18.6291821151,465.925151651
5.37819018906,-2.47892837305,6.04602397218,-3.64863378876,15.0532382255,-18.7247837889,465.867893564
-10.8303893998,-4.78656571478,3.46863556239,1.0478645083,14.4492261527,-18.816350233,465.810579124
14.2804481276,-1.64623765024,0.44793356208,5.71724999089,13.8311959067,-18.9037991604,465.753209223
-2.38732544583,2.23558027345,-2.58599059141,10.3224105915,13.1995887028,-18.9870482837,465.695784753
-9.34568230623,4.31417111194,-5.18338888221,14.8237630305,12.5548457559,-19.0660153158,465.638306606
-6.57726379485,3.49848607669,-6.95061772457,19.1848294578,11.8974082811,-19.1406179695,465.580775673
4.20811769008,0.826463277385,-7.75727109129,23.3815537405,11.2277174935,-19.2107739575,465.523192847
3.56137813808,-1.80261448096,-7.69032620446,27.395189912,10.5462146082,-19.2764009926,465.46555902
-6.0884302965,-3.81960180048,-6.89957799139,31.215810953,9.85334084025,-19.3374167877,465.407875083
-5.0085521272,-5.18726188548,-5.54082084619,34.8356945814,9.14953740471,-19.3937389469,465.35014182
8.68322732766,-6.47681713555,-3.76984916298,38.2471185149,8.43524551667,-19.4452846397,465.292359579
13.6782375486,-8.41160474904,-1.74245733586,41.4423604714,7.71090639119,-19.4919700602,465.234527734
3.17785603008,-11.1090099384,0.38556024105,44.4136981684,6.97696124336,-19.5337079354,465.176642191
0.356652322727,-12.2626099719,2.45840917365,47.1534093239,6.23385128824,-19.5704101253,465.118697989
-2.0737560089,-8.95512902956,4.31539396517,49.6537716555,5.48201774091,-19.6019884903,465.060690167
-15.5297116733,0.232273392679,5.77621470822,51.907062881,4.72190181644,-19.6283548905,465.002613765
-4.20975953969,10.3875410621,6.65567039271,53.9055607182,3.95394472991,-19.6494211861,464.944463823
13.1501509765,14.0260222921,6.76772694951,55.642375944,3.17858769639,-19.6650992373,464.886235379
-10.8697164246,6.3158874503,5.99395772213,57.117976753,2.39627193095,-19.6753009042,464.827923472
9.80042199551,-5.30907245608,4.49886159154,58.3497651241,1.60743864866,-19.6799380471,464.769523143
-12.6315859652,-10.9820953096,2.5178770878,59.3591682179,0.812529064603,-19.6789225261,464.711029431
-2.48607306311,-11.6572384388,0.286442741001,60.1675982819,0.0119993065847,-19.6721662014,464.652437374
23.7430625552,-10.7317976318,-1.96019906843,60.7964079129,-0.793634846638,-19.6595809332,464.593742012
-24.6547310741,-10.0706302616,-3.98759055862,61.2669347947,-1.60384270357,-19.6410785817,464.534938385
-6.28863981436,-6.94478636845,-5.57444738024,61.6004316421,-2.41800860339,-19.6165710071,464.476021531
15.6785644214,-1.57882081171,-6.55139431572,61.8178112922,-3.23517700789,-19.5859700695,464.416986491
-11.720496061,4.01629461363,-6.76203343041,61.9399016131,-4.05430740953,-19.5491876291,464.357828303
-5.07054409692,6.08993325365,-6.04932404398,61.9868877268,-4.87435930078,-19.5061355462,464.298542007
9.82969333788,4.41377045965,-4.34590102559,61.9763324405,-5.6942921741,-19.4567256809,464.239122643
-9.25737831309,0.507540622924,-1.95274262771,61.9249504849,-6.51306552194,-19.4008698934,464.179565248
1.44769860129,-3.06577620805,0.736926364955,61.8494052587,-7.32963883679,-19.3384798935,464.119864713
4.83293285367,-5.16275110634,3.32988116769,61.7663601602,-8.14297161108,-19.2694667898,464.060015326
8.20927670198,-5.10983093035,5.46082929585,61.6924785877,-8.95202333729,-19.1937415404,464.000011222
-2.45242730947,-2.72108202507,6.87620746501,61.6444239399,-9.75575350788,-19.1112151034,463.939846541
-14.4637754909,0.657935818952,7.34944221689,61.639802089,-10.5531216153,-19.0217984371,463.879515418
-2.27103408073,3.48333273939,6.65731369961,61.6928653009,-11.343087152,-18.9254024995,463.819011992
11.8602898241,4.84350525659,4.6821080716,61.7903143072,-12.1246096105,-18.821938249,463.7583304
16.669128912,3.62750106203,1.69014403684,61.9117263372,-12.8966484833,-18.7113166435,463.697464779
-10.2201943574,-0.373340960346,-1.71394066425,62.0366786204,-13.6581632627,-18.5934486414,463.636409266
4.26876290748,-2.7638934987,-4.86041715111,62.144748386,-14.4081134412,-18.4682452007,463.575157998
-3.18771686586,-0.824437749527,-7.12198757095,62.2155128636,-15.1454585114,-18.3356172796,463.513705114
4.62976550736,1.29773161623,-8.05545735362,62.2285492824,-15.8691579656,-18.1954758362,463.45204475
-1.61816943081,0.478982082452,-7.46963669121,62.163556122,-16.5781712964,-18.0477318289,463.390171043
-4.92290183551,-1.24719580737,-5.79631265581,62.0010863794,-17.2714579962,-17.8922962156,463.328078131
-3.43581380041,-1.19437067302,-3.56781053667,61.7232923706,-17.9479775574,-17.7290799546,463.265760152
5.46244343226,1.17217041646,-1.1048375424,61.3126959288,-18.6066894726,-17.5579940041,463.203211242
-7.92708826156,4.56945037438,1.32489601784,60.7518188873,-19.2465532341,-17.3789493221,463.140425538
10.1149596995,3.46171068639,3.49413455712,60.0231830792,-19.8665283345,-17.1918568669,463.077397179
-9.37399172295,-3.50467843098,5.33744137742,59.1093103378,-20.4655742662,-16.9966275966,463.014120302
-7.36053610586,-9.32978694492,6.83048575326,57.992071246,-21.0426505217,-16.7931724694,462.950589043
4.07682122157,-8.14980503575,7.94757392583,56.6507313854,-21.5967165934,-16.5814024435,462.88679754
-6.11782989501,-0.814645920249,8.64779124819,55.0639050874,-22.1267319738,-16.361228477,462.82273993
11.3591254391,5.66322017038,8.88064846789,53.2158132544,-22.6316561553,-16.132561528,462.758410352
22.5093155465,9.40030957691,8.5719284321,51.1144046889,-23.1104486305,-15.8953125548,462.693802941
-31.3099196028,10.8421602859,7.65986765816,48.7784412305,-23.5620688917,-15.6493925156,462.628911836
-10.6002346524,12.1342380693,6.1744678749,46.2279863352,-23.9854764315,-15.3947123683,462.563731173
19.6411525688,12.8323051778,4.16899751815,43.483103459,-24.3796307423,-15.1311830714,462.49825509
34.1829403561,11.6544528801,1.73047988098,40.5638560578,-24.7434913166,-14.8587155828,462.432477724
-13.2113247205,7.70990474157,-0.919042314649,37.4903075877,-25.0760176467,-14.5772208607,462.366393213
-7.92770299336,2.17873637279,-3.52377148955,34.2825215046,-25.3761359321,-14.2866431566,462.299995694
-6.61040652039,-3.23282489019,-5.82791006453,30.9605612645,-25.6426391994,-13.9870598944,462.233279304
1.94656553615,-6.635764607,-7.57566046038,27.5444903234,-25.8742851161,-13.678583857,462.166238181
-0.131926895606,-6.24933065331,-8.51682187226,24.0543721373,-26.0698230866,-13.3613360909,462.098866461
-8.08278096179,-3.45273702669,-8.43794213435,20.5097419974,-26.2280004494,-13.0354397082,462.031158283
14.7176442001,-0.325669503515,-7.23582538222,16.9293252665,-26.3475645428,-12.7010178209,461.963107783
18.2671114566,1.38459635993,-5.01173218291,13.3377715145,-26.4272627054,-12.3581935414,461.894709099
6.0991320107,0.680283909459,-2.00543886927,9.76599883898,-26.4658236408,-12.0071086166,461.825956368
-17.5479115951,-0.755908414298,1.19669034187,6.24616678688,-26.4619015128,-11.6479793334,461.756843727
15.1510058104,-0.889347754107,3.95371418864,2.81043490499,-26.4141318502,-11.2810406134,461.687365314
-1.4704707484,0.661148984183,5.83752131883,-0.509037259837,-26.3211501821,-10.9065273784,461.617515266
-12.0155887357,2.43573119894,6.79873648731,-3.68390008318,-26.1815920373,-10.52467455,461.54728772
-12.5186749366,2.55458577097,6.9281586003,-6.70093625376,-25.9940929449,-10.1357170499,461.476676814
2.08478750177,-0.23694478826,6.47600850417,-9.54934966896,-25.7572884336,-9.73988979987,461.405676685
11.8216899835,-4.10414270139,5.72781302049,-12.2144000184,-25.4698140325,-9.33742772159,461.33428147
-8.8869149243,-5.82545135404,4.96813976303,-14.6803877841,-25.1303052704,-8.92856573676,461.262485307
4.58724487678,-1.60363723806,4.38465992029,-16.9316134478,-24.7373976763,-8.51353876706,461.190282332
-2.49927958294,4.54883992401,3.77745897973,-18.9523774914,-24.2897267791,-8.09258173421,461.117666684
4.53434804331,4.94629203532,2.86856548662,-20.7269803968,-23.7859281077,-7.6659295599,461.044632499
-7.75935633469,0.864673454445,1.51868596777,-22.2397226459,-23.2246371911,-7.23381716584,460.971173915
-2.82557985046,-2.27747809683,-0.13935336988,-23.4749047205,-22.6044895582,-6.79647947371,460.89728507
9.1154456607,-2.1649002442,-1.90940627015,-24.4163018364,-21.9246460041,-6.35415140524,460.822960099
5.28928919955,0.110820582679,-3.53627850896,-25.0455881447,-21.1863683883,-5.90706788211,460.748193142
-8.58149813688,1.58292398629,-4.52858399063,-25.3439125304,-20.3914438367,-5.45546382602,460.672978334
9.67539192465,-0.0257352454476,-4.47154269333,-25.2989101108,-19.5419395307,-4.99957415868,460.597309814
7.1064795262,-2.86083287516,-3.49294355529,-24.9242081388,-18.6410428741,-4.53963380178,460.521181719
-10.8496471118,-3.76202560034,-1.86970754311,-24.2401089267,-17.6922213267,-4.07587767703,460.444588186
-3.33013612678,-0.607440026453,0.0584978494197,-23.2669619939,-16.6989423478,-3.60854070613,460.367523352
6.0747027928,4.08913151754,1.90583240279,-22.0251168595,-15.6646733971,-3.13785781077,460.289981354
-3.63527115692,6.70285429617,3.2783294196,-20.5349230429,-14.5928819341,-2.66406391266,460.211956331
2.93553074234,4.8653791572,3.842807097,-18.8167300632,-13.4870354185,-2.1873939335,460.133442419
-4.35511395837,0.465280555577,3.55343865958,-16.8933549072,-12.3506013096,-1.70808279498,460.054433755
5.81058850466,-3.89066008786,2.60204402295,-14.7974844311,-11.1870470672,-1.22636541881,459.974924477
12.4752796253,-6.9332570641,1.22769546092,-12.5673098676,-9.99984015072,-0.742476726692,459.894908723
17.3000853734,-7.728578905,-0.317617351457,-10.2531700858,-8.79244801976,-0.256651640319,459.814380629
-2.6225422054,-5.70407288081,-1.78981516724,-7.9084408641,-7.56833813386,0.230874918606,459.733334333
-17.6628467629,-1.72115474447,-3.00015455939,-5.5864979808,-6.33097795259,0.719868028382,459.651763972
-25.5117458754,3.00046007158,-3.77684116631,-3.33779454495,-5.0838349355,1.21009276731,459.569663683
8.4303383243,6.86556069164,-3.96046409143,-1.20040020053,-3.83037654215,1.70131421369,459.487027604
16.2839654764,6.77695446682,-3.39710543604,0.793108406304,-2.57407023209,2.19329744582,459.403849873
9.22018130647,0.881193882726,-2.03296801628,2.61004412449,-1.31838346489,2.685807542,459.320124625
-3.60300589196,-6.19820626392,-0.214978704197,4.21751897977,-0.0667837001004,3.17860958052,459.235846
4.00258740426,-7.71096304409,1.61899226624,5.58264499787,1.17726160272,3.6714686397,459.151008133
-9.83027529899,1.00281341844,3.08988773111,6.67253420454,2.41028498403,4.16414979783,459.065605163
14.9504568116,8.62979128,3.91458493896,7.45429862551,3.62881898425,4.65641813321,458.979631226
-13.8586981621,4.53579981493,3.91651270058,7.90187031782,4.82939614383,5.14803872414,458.893080461
8.23498729161,-3.39038093207,3.2548401107,8.02028087425,6.00854900322,5.63877664891,458.805947003
-3.29290367187,-7.34553651496,2.15834854562,7.83665956094,7.16281010286,6.12839698583,458.718224992
-1.78742244169,-8.61581794303,0.851264881221,7.38269014445,8.28871198319,6.6166648132,458.629908563
1.35020049134,-8.42019712396,-0.445124366181,6.69354774798,9.38223618756,7.10334520932,458.540991854
-2.22299059151,-7.15376371558,-1.54142479212,5.80734657302,10.437160271,7.58820325249,458.451469003
2.43367050569,-4.50360120252,-2.37287007995,4.76275181815,11.4467107912,8.071004021,458.361334146
4.79688384386,-0.981669912494,-2.90585093497,3.59842868194,12.4041143063,8.55151259316,458.270581422
0.039711974759,2.52170733598,-3.10675806246,2.35304236298,13.3025973741,9.02949404727,458.179204967
-9.16200286526,4.67142803976,-2.94381547944,1.06723978717,14.1352381367,9.50471346162,458.087198919
10.9438896244,4.30290053037,-2.39637774591,-0.211426812947,14.8945210741,9.97693591452,457.994557416
-5.57433402339,1.70624089802,-1.49431321558,-1.43757698657,15.5727822503,10.4459264843,457.901274593
-11.1835894922,-1.23519006935,-0.405252727102,-2.56712027914,16.1623577294,10.9114502492,457.807344589
10.7101366655,-2.5994023193,0.669681583676,-3.55603333446,16.6555835757,11.3732722875,457.712761541
9.16574164759,-1.88562373663,1.55270176771,-4.36029279636,17.0447958532,11.8311576776,457.617519587
5.07482558964,0.0608781089421,2.15935662317,-4.93688967524,17.3233449927,12.2848714977,457.521612863
-8.76114950596,2.13063959418,2.42852913502,-5.24687244775,17.4886388911,12.7341788262,457.425035507
-14.1017216369,3.21419709586,2.30463201412,-5.25845032612,17.5397164551,13.1788447413,457.327781657
-9.39129014088,2.45383773941,1.77937728751,-4.96948781962,17.4780831636,13.6186343213,457.229845449
15.1623002841,-0.00114835507345,0.954315047035,-4.40786177981,17.3058655703,14.0533082129,457.131221021
9.50471407122,-3.42809079,-0.029477447387,-3.62086563495,17.0252079558,14.4826093357,457.03190251
-12.3969024618,-5.81780105237,-1.02733624693,-2.6593795022,16.6382579549,14.9062772552,456.931884053
2.72368453983,-5.22816740753,-1.90440373189,-1.5744879284,16.1471588916,15.3240558477,456.831159789
8.90157719512,-1.27190334963,-2.56440418247,-0.418736595697,15.5540530123,15.735690067,456.729723853
-8.22465108046,5.07981708937,-2.91990859241,0.754164768485,14.8610825635,16.1409248672,456.627570384
7.79634349555,9.1750495106,-2.89202103693,1.89903951819,14.0703897915,16.5395052019,456.524693519
-7.85815712055,7.35549490097,-2.44392438459,2.98320624114,13.1841169427,16.9311760252,456.421087395
9.12948372632,1.13683378732,-1.65985603842,3.97670382088,12.2044062637,17.3156822908,456.316746149
-5.11105416106,-5.92371289155,-0.653636961143,4.84957114091,11.1334000007,17.6927689527,456.211663919
-9.48840798299,-11.1956071938,0.460911884551,5.57171629855,9.97337118641,18.0621809647,456.105834843
-8.98902433942,-12.3535017778,1.56996953595,6.11091898844,8.72872125614,18.4236632808,455.999253056
5.10668107122,-7.95147587284,2.56511069956,6.42840708769,7.41040346269,18.7769608548,455.891912697
-2.16539218921,-0.386506645198,3.35304400571,6.49025196857,6.03097631672,19.1218186405,455.783807903
-6.74670143474,6.39038994548,3.82007874196,6.28832001534,4.60299832887,19.4579815919,455.674932811
4.34887010013,10.60762386,3.83634270939,5.83065909876,3.1390280098,19.7851946629,455.565281559
-7.41235436442,11.251237428,3.27519395173,5.16424802358,1.65162387017,20.1032028072,455.454848284
10.806760281,8.1553999494,2.19731891935,4.34579832804,0.153344420616,20.4117509789,455.343627123
-8.31279285844,2.70959581828,0.819230973053,3.4320215504,-1.3432518282,20.7105841317,455.231612213
-16.375559527,-2.83456815547,-0.614140092916,2.47962922891,-2.82560636563,20.9994472196,455.118797692
-16.2440623053,-6.0905083256,-1.85786448431,1.54533290182,-4.28116068102,21.2780851965,455.005177698
-10.6559039146,-5.47911918192,-2.68545413008,0.685844107387,-5.69735626371,21.5462430161,454.890746367
11.4799923605,-2.63051927299,-2.9648763373,-0.042125616142,-7.06163460306,21.8036656325,454.775497837
-8.56581566162,0.0138874146398,-2.6544379219,-0.592720886415,-8.36143718842,22.0500979994,454.659426244
-5.60204796482,0.457016373909,-1.74706275354,-0.963510944686,-9.58420550912,22.2852850707,454.542525728
6.0380456059,-0.265903621187,-0.492940356771,-1.16358279728,-10.7173810545,22.5089718004,454.424790423
-5.56169440134,-0.307612383658,0.658264374515,-1.20466988723,-11.748405314,22.7209031424,454.306214469
4.48592030673,1.17002510438,1.33583778956,-1.10267947681,-12.6647197768,22.9208240504,454.186792003
3.37578306268,2.67355643164,1.4489974678,-0.887567668561,-13.4537659324,23.1084794783,454.06651716
-3.85627134473,2.60295282344,1.02741436073,-0.597109029897,-14.1029852701,23.2836143802,453.94538408
6.88172475476,-0.0903186094569,0.315355672133,-0.286303147481,-14.5998192792,23.4459737097,453.823386899
-0.565306987087,-4.07108754608,-0.389262331094,-0.0140872652134,-14.9320780466,23.5953024209,453.700519755
-16.5609482605,-7.5176803235,-0.788523382074,0.1626408354,-15.0896111218,23.7313454676,453.576776785
